{"train_loss": 0.036043309573686184, "train_acc": 0.9918491849184918, "train_f_score": 0.9918389826265458, "val_loss": 0.4704280196032064, "val_acc": 0.8456208918102682, "val_f_score1": 0.8470878057364067, "test_loss": 0.4344066751358632, "test_acc": 0.8319783197831978, "test_f_score": 0.8306010928961748, "_timestamp": 1714186550.7218864, "_runtime": 603.2939913272858, "_step": 6, "_wandb": {"runtime": 641}}