{"train_loss": 0.1733258068438607, "train_acc": 0.9347934793479348, "train_f_score": 0.934564431955038, "val_loss": 0.4569222319055184, "val_acc": 0.8283887013679162, "val_f_score": 0.8289660056657223, "test_loss": 0.4779580566618178, "test_acc": 0.8292682926829268, "test_f_score": 0.8264462809917357, "_timestamp": 1714221012.6045017, "_runtime": 88.99509978294373, "_step": 9, "_wandb": {"runtime": 87}}