{"train_loss": 0.19058001095695262, "train_acc": 0.9303430343034303, "train_f_score": 0.9302558453912781, "val_loss": 0.44393242887926265, "val_acc": 0.8246580209628709, "val_f_score": 0.8261405672009864, "test_loss": 0.431702126493945, "test_acc": 0.8482384823848238, "test_f_score": 0.8469945355191258, "_timestamp": 1714192924.8957863, "_runtime": 867.2767643928528, "_step": 9, "_wandb": {"runtime": 865}}