{"train_loss": 0.08283435445845556, "train_acc": 0.9733473347334733, "train_f_score": 0.9732979309653825, "val_loss": 0.47939076601431835, "val_acc": 0.8310534730858057, "val_f_score": 0.8351534061362453, "test_loss": 0.4142897683107433, "test_acc": 0.8699186991869918, "test_f_score": 0.8736842105263158, "_timestamp": 1714219478.3702822, "_runtime": 358.14523124694824, "_step": 4, "_wandb": {"runtime": 356}}