{"train_loss": 0.025624848690048996, "train_acc": 0.9952495249524953, "train_f_score": 0.995244055068836, "val_loss": 0.540253469185415, "val_acc": 0.8319417303251021, "val_f_score": 0.8316725978647687, "test_loss": 0.49541001397419754, "test_acc": 0.8509485094850948, "test_f_score": 0.8493150684931506, "_timestamp": 1714219046.9643466, "_runtime": 1557.7159526348114, "_step": 18}