{"train_loss": 0.004940268296075907, "train_acc": 0.9988498849884988, "train_f_score": 0.9988491368526395, "val_loss": 1.4110661586450417, "val_acc": 0.8072481790726594, "val_f_score": 0.8121862558421327, "test_loss": 1.2823187400331988, "test_acc": 0.7994579945799458, "test_f_score": 0.7955801104972375, "_timestamp": 1714222970.4578667, "_runtime": 51.8659245967865, "_step": 9, "_wandb": {"runtime": 50}}