{"train_loss": 0.02904421959999762, "train_acc": 0.9935493549354936, "train_f_score": 0.9935445128359105, "val_loss": 0.49782572242999334, "val_acc": 0.8417125599573636, "val_f_score1": 0.8416, "test_loss": 0.41923732332743924, "test_acc": 0.8617886178861789, "test_f_score": 0.8602739726027397, "_timestamp": 1714187385.9341292, "_runtime": 667.099288225174, "_step": 9, "_wandb": {"runtime": 665}}