{"train_loss": 0.01560666523854712, "train_acc": 0.9968996899689969, "train_f_score": 0.9968990697209162, "val_loss": 0.873569743388456, "val_acc": 0.8173743116006396, "val_f_score": 0.8157045536034421, "test_loss": 1.0030075221203854, "test_acc": 0.7859078590785907, "test_f_score": 0.7799442896935934, "_timestamp": 1714220735.6426513, "_runtime": 54.05370020866394, "_step": 9, "_wandb": {"runtime": 52}}