{"train_loss": 0.026402073355079783, "train_acc": 0.9952495249524953, "train_f_score": 0.9952469104918197, "val_loss": 0.5392902675499224, "val_acc": 0.8358500621780067, "val_f_score": 0.8342303552206675, "test_loss": 0.5001765279588983, "test_acc": 0.8265582655826558, "test_f_score": 0.8241758241758241, "_timestamp": 1714222884.4880452, "_runtime": 51.37877631187439, "_step": 9, "_wandb": {"runtime": 49}}