{"train_loss": 0.05027242837184452, "train_acc": 0.9878487848784878, "train_f_score": 0.9878287002253944, "val_loss": 0.47628679841380916, "val_acc": 0.8369159708651626, "val_f_score": 0.8380381086803106, "test_loss": 0.4505549730647224, "test_acc": 0.8373983739837398, "test_f_score": 0.8369565217391305, "_timestamp": 1714223683.6778235, "_runtime": 41.04415464401245, "_step": 9, "_wandb": {"runtime": 39}}