{"train_loss": 195.07790104721605, "train_acc": 0.5156515651565157, "train_f_score": 0.5349082877172764, "val_loss": 3677.9557931389304, "val_acc": 0.5034642032332564, "val_f_score": 0.07725321888412016, "test_loss": 870.1149251483644, "test_acc": 0.5013550135501355, "test_f_score": 0.07070707070707069, "_timestamp": 1714223139.5524626, "_runtime": 50.33369469642639, "_step": 9, "_wandb": {"runtime": 48}}