{"train_loss": 0.9108124244021158, "train_acc": 0.5366036603660366, "train_f_score": 0.5900101756404016, "val_loss": 6.595826422179184, "val_acc": 0.5103926096997691, "val_f_score": 0.1046133853151397, "test_loss": 9.486557620004588, "test_acc": 0.5067750677506775, "test_f_score": 0.09, "_timestamp": 1714223055.7550178, "_runtime": 51.82001972198486, "_step": 9, "_wandb": {"runtime": 50}}