{"train_loss": 0.028045646985680767, "train_acc": 0.9946994699469947, "train_f_score": 0.9946909746569168, "val_loss": 0.5329425162279197, "val_acc": 0.8337182448036952, "val_f_score": 0.8338658146964856, "test_loss": 0.44981000394759785, "test_acc": 0.8509485094850948, "test_f_score": 0.8467966573816157, "_timestamp": 1714220647.1347435, "_runtime": 50.84961247444153, "_step": 9, "_wandb": {"runtime": 49}}