{"train_loss": 0.02811461073191914, "train_acc": 0.9942494249424942, "train_f1": 0.9942462600690448, "val_loss": 0.4969115432720452, "val_acc": 0.8413572570616451, "val_f1": 0.8431957857769974, "test_loss": 0.4791044223760848, "test_acc": 0.8482384823848238, "test_f1": 0.8469945355191258, "_timestamp": 1714158772.1942549, "_runtime": 474.27061891555786, "_step": 9, "_wandb": {"runtime": 472}}