{"train_loss": 0.007547727704591533, "train_acc": 0.9990499049904991, "train_f_score": 0.9990495723075382, "val_loss": 0.7164477761110185, "val_acc": 0.8338958962515545, "val_f_score": 0.8354162999471924, "test_loss": 0.6149860408894092, "test_acc": 0.8455284552845529, "test_f_score": 0.8446866485013624, "_timestamp": 1714223346.7293708, "_runtime": 97.85956287384033, "_step": 9, "_wandb": {"runtime": 96}}