{"train_loss": 0.4277388134835088, "train_acc": 0.80998099809981, "train_f_score": 0.8113582208101668, "val_loss": 0.4596489909318269, "val_acc": 0.7869959140166992, "val_f_score": 0.789094107299912, "test_loss": 0.4778573991160406, "test_acc": 0.8102981029810298, "test_f_score": 0.8011363636363636, "_timestamp": 1714222800.9994905, "_runtime": 50.72379541397095, "_step": 9, "_wandb": {"runtime": 49}}