{"train_loss": 0.05404842918123429, "train_acc": 0.9855985598559855, "train_f_score": 0.9855855855855856, "val_loss": 0.7492130702015011, "val_acc": 0.7758038728015634, "val_f_score": 0.7801393728222996, "test_loss": 0.695347967671185, "test_acc": 0.7777777777777778, "test_f_score": 0.7759562841530054, "_timestamp": 1714220891.2842188, "_runtime": 34.81809377670288, "_step": 9, "_wandb": {"runtime": 33}}