{"train_loss": 0.03907228007877987, "train_acc": 0.9915491549154916, "train_f_score": 0.9915470414645126, "val_loss": 0.4897751402772326, "val_acc": 0.836560667969444, "val_f_score": 0.8381990854730919, "test_loss": 0.44246614847564436, "test_acc": 0.8563685636856369, "test_f_score": 0.8555858310626703, "_timestamp": 1714223610.6148467, "_runtime": 46.72961664199829, "_step": 9, "_wandb": {"runtime": 44}}