{"train_loss": 0.3431556447379195, "train_acc": 0.8558855885588559, "train_f1": 0.8554663991975928, "val_loss": 0.3746913786700234, "val_acc": 0.8379818795523184, "val_f1": 0.8299142111152554, "test_loss": 0.3728762955523442, "test_acc": 0.8428184281842819, "test_f1": 0.8333333333333334, "_timestamp": 1714158221.412106, "_runtime": 92.20958805084229, "_step": 1}