{"train_loss": 0.018360599591770013, "train_acc": 0.9961496149614961, "train_f_score": 0.9961474958723171, "val_loss": 0.5777734253925484, "val_acc": 0.8374489252087405, "val_f_score": 0.8372175769436043, "test_loss": 0.5359385188840592, "test_acc": 0.8265582655826558, "test_f_score": 0.8232044198895027, "_timestamp": 1714223445.9554884, "_runtime": 64.3154034614563, "_step": 9, "_wandb": {"runtime": 61}}