{"train_loss": 0.00795433144273488, "train_acc": 0.9986998699869987, "train_f_score": 0.9987001299870013, "val_loss": 0.9822780771690907, "val_acc": 0.8159531000177651, "val_f_score": 0.8179261862917399, "test_loss": 1.0600802778874632, "test_acc": 0.8075880758807588, "test_f_score": 0.8065395095367848, "_timestamp": 1714220823.6491895, "_runtime": 52.34922957420349, "_step": 9, "_wandb": {"runtime": 50}}