{"train_loss": 0.027797700980832257, "train_acc": 0.9945494549454945, "train_f_score": 0.9945431789737171, "val_loss": 0.5343023585021591, "val_acc": 0.8358500621780067, "val_f_score": 0.8354700854700854, "test_loss": 0.4555273387167189, "test_acc": 0.8292682926829268, "test_f_score": 0.8283378746594006, "_timestamp": 1714223531.8487916, "_runtime": 50.485596656799316, "_step": 9, "_wandb": {"runtime": 48}}