{"train_loss": 0.3406906131059244, "train_acc": 0.8523352335233524, "train_f_score": 0.852135596615092, "val_loss": 0.3675533470833867, "val_acc": 0.8406466512702079, "val_f_score1": 0.8386400431732327, "test_loss": 0.3387411617166628, "test_acc": 0.8401084010840109, "test_f_score": 0.8328611898016998, "_timestamp": 1714185190.4497871, "_runtime": 132.88966703414917, "_step": 1, "_wandb": {"runtime": 134}}